<?xml version="1.0"?>
<skin version="1.0" name="beeldenNoControl" author="LongTail Video">

	<settings>
		<setting name="backcolor" value="0xFFFFFF" />
		<setting name="frontcolor" value="0xFFFFFF" />
		<setting name="lightcolor" value="0x000000" />
		<setting name="screencolor" value="0x000000" />
	</settings>

	<components>

		<component name="controlbar">

			<elements>
				<element name="capLeft" src="capLeft.png" />
				<element name="capRight" src="capRight.png" />
				<element name="volumeSliderRail" src="volumeSliderRail.png" />
			</elements>

		</component>
		
		<component name="display">
			<elements>
				<element name="background" src="background.png" />
				<element name="playIcon" src="playIcon.png" />
				<element name="muteIcon" src="muteIcon.png" />
				<element name="errorIcon" src="errorIcon.png" />
				<element name="bufferIcon" src="bufferIcon.png" />
			</elements>
		</component>
		
		<component name="dock">
			<elements>
				<element name="button" src="button.png" />
				<element name="buttonOver" src="button.png" />
			</elements>
		</component>
		
	</components>

</skin>